Country,Total Boxes Shipped,Total Revenue
India,29470,9.078589800000001E7
USA,26824,8.987864669000003E7
UK,30265,9.130606352000003E7
Canada,31221,8.358926219000003E7
New Zealand,26580,8.250578658000003E7
Australia,32647,9.873482926999995E7
